{"_wandb":{"runtime":6},"labels":[4,1,2,1,1,2,8,2,3,1],"predictions":12,"_timestamp":1.7367103941549156e+09,"_runtime":6.463068385,"_step":0}