{"_runtime":6.925717891,"_step":0,"_wandb":{"runtime":6},"labels":[2,9,2,1,6,10,1,16,2,12],"predictions":9,"_timestamp":1.736710896888954e+09}