{"_runtime":5.911583305,"_step":0,"_wandb":{"runtime":5},"labels":[1,3,3,8,3,1,1,2,3,1],"predictions":3,"_timestamp":1.7367113730424004e+09}