{"predictions":8,"_timestamp":1.7367113051440074e+09,"_wandb":{"runtime":7},"_runtime":7.939281518,"_step":0,"labels":[3,17,3,1,2,1,2,3,2,1]}