{"predictions":1,"_timestamp":1.7367110050244706e+09,"_runtime":7.236826176,"_wandb":{"runtime":7},"_step":0,"labels":[7,7,4,3,4,13,1,1,17,1]}