{"_wandb":{"runtime":5},"labels":[2,3,1,1,1,1,21,9,5,12],"predictions":13,"_timestamp":1.736711469563567e+09,"_runtime":5.423653055,"_step":0}