{"predictions":18,"_timestamp":1.7367116999344428e+09,"_runtime":5.30976451,"_step":0,"_wandb":{"runtime":5},"labels":[2,1,8,3,3,1,2,1,1,3]}